{"[TRAIN] loss/iter": 0.45177763968672824, "[TRAIN] tloss/iter": 1.443585219289619, "_timestamp": 1701356776.3763845, "_runtime": 3703.0635244846344, "_step": 2394, "[TRAIN] loss/epoch": 0.448113393154694, "[TRAIN] tloss/epoch": 1.461084853241412, "[TRAIN] lr": 8.457574284001491e-08, "[TRAIN] epoch": 23, "Training predictions": {"_type": "image-file", "sha256": "a3115032c39e78e1f46eab5914cab85ef61937825193d5ca1e326f13a2467884", "size": 15000, "path": "media/images/Training predictions_2333_a3115032c39e78e1f46e.png", "format": "png", "width": 128, "height": 256, "caption": "PREDICTION | LABEL"}, "[VAL] loss/epoch": 0.40026673734521784, "[VAL] vloss/epoch": 1.5310328791621497}