{"[TRAIN] loss/iter": 0.4852898699391749, "[TRAIN] tloss/iter": 0.9781827836638453, "_timestamp": 1701352695.8359494, "_runtime": 5908.327031373978, "_step": 3946, "[TRAIN] loss/epoch": 0.4830437446708465, "[TRAIN] tloss/epoch": 0.9694522788737804, "[TRAIN] lr": 8.867447513521579e-08, "[TRAIN] epoch": 13, "Training predictions": {"_type": "image-file", "sha256": "bbb4aec73f54e56b56c77cc46885aa45cb183975ff8af3a5acb8f152754bf4d0", "size": 13684, "path": "media/images/Training predictions_3478_bbb4aec73f54e56b56c7.png", "format": "png", "width": 128, "height": 256, "caption": "PREDICTION | LABEL"}, "[VAL] loss/epoch": 0.42592472344118004, "[VAL] vloss/epoch": 1.7819932536829848}