{"[TRAIN] loss/iter": 0.4838798284507771, "[TRAIN] tloss/iter": 1.4917748296374662, "_timestamp": 1701342072.1612258, "_runtime": 1023.0154519081116, "_step": 579, "[TRAIN] loss/epoch": 0.4822991635507762, "[TRAIN] tloss/epoch": 1.253817392107119, "[TRAIN] lr": 0.001, "[TRAIN] epoch": 10, "Training predictions": {"_type": "image-file", "sha256": "3f9c2c403ed75d87b522eaeea3ad7780be96887e014be4c8887384255c6b80d3", "size": 5248, "path": "media/images/Training predictions_522_3f9c2c403ed75d87b522.png", "format": "png", "width": 128, "height": 256, "caption": "PREDICTION | LABEL"}, "[VAL] loss/epoch": 0.4639560437169407, "[VAL] vloss/epoch": 2.639218056184096}