{"[TRAIN] loss/iter": 0.47407427896217913, "[TRAIN] tloss/iter": 1.4386590289944303, "_timestamp": 1701340965.4109337, "_runtime": 7037.8423907756805, "_step": 4792, "[TRAIN] loss/epoch": 0.4837864209638075, "[TRAIN] tloss/epoch": 1.2438563973308678, "[TRAIN] lr": 0.009401000969433465, "[TRAIN] epoch": 18, "Training predictions": {"_type": "image-file", "sha256": "4bde7c127607784d6629042015bbd1e5bf36aadc6ce0dba7672e5d7ed2a28a91", "size": 5302, "path": "media/images/Training predictions_4540_4bde7c127607784d6629.png", "format": "png", "width": 128, "height": 256, "caption": "PREDICTION | LABEL"}, "[VAL] loss/epoch": 0.44889880291069023, "[VAL] vloss/epoch": 2.2868378117617807}