{"[TRAIN] loss/epoch": 0.5280612517382648, "[TRAIN] tloss/epoch": 3.412185223460305, "[TRAIN] lr": 1e-09, "[TRAIN] epoch": 142, "_timestamp": 1701773260.666436, "_runtime": 286.9924590587616, "_step": 1, "Training predictions": {"_type": "image-file", "sha256": "b7ff7e232187f96825d2ec6fe3a4302f55c672c083230b5e052f05e0e143ccec", "size": 7841, "path": "media/images/Training predictions_1_b7ff7e232187f96825d2.png", "format": "png", "width": 128, "height": 256, "caption": "PREDICTION | LABEL"}}