{"[TRAIN] loss/iter": 0.4441351347255494, "[TRAIN] tloss/iter": 1.3441920806811911, "_timestamp": 1701209688.196449, "_runtime": 14785.401950120926, "_step": 8529, "[TRAIN] loss/epoch": 0.4341470263174711, "[TRAIN] tloss/epoch": 1.377606599738208, "[TRAIN] lr": 1e-09, "[TRAIN] epoch": 32, "Training predictions": {"_type": "image-file", "sha256": "8a537b74527c0e28e886afa988e04f1ad9a2506dd815342417c2e725e85e70cd", "size": 10210, "path": "media/images/Training predictions_8221_8a537b74527c0e28e886.png", "format": "png", "width": 128, "height": 256, "caption": "PREDICTION | LABEL"}, "[VAL] loss/epoch": 0.39754489570275, "[VAL] vloss/epoch": 1.3483458155708639}