{"[TRAIN] loss/iter": 0.6629699621714473, "_timestamp": 1700333726.4403825, "_runtime": 6389.495413541794, "_step": 2055, "[TRAIN] loss/epoch": 0.6692753785985595, "[VAL] loss/epoch": 0.5485245086388835}