{"[TRAIN] loss/iter": 0.4522787798625239, "[TRAIN] tloss/iter": 1.187396990866482, "_timestamp": 1701194344.1377203, "_runtime": 10127.662971258163, "_step": 2189, "[TRAIN] loss/epoch": 0.45459026323981183, "[TRAIN] tloss/epoch": 1.1708253849714347, "[TRAIN] lr": 1.60004e-08, "[TRAIN] epoch": 9, "Training predictions": {"_type": "image-file", "sha256": "ed306a8aa0c9f92526830b052dd151274a87a566942b21d5a3e06623997482c1", "size": 13210, "path": "media/images/Training predictions_2178_ed306a8aa0c9f9252683.png", "format": "png", "width": 128, "height": 256, "caption": "PREDICTION | LABEL"}, "[VAL] loss/epoch": 0.39895015806051454, "[VAL] vloss/epoch": 1.3169493808184958}