{"[TRAIN] loss/iter": 0.2778655519738692, "[TRAIN] tloss/iter": 2.2750477387562076, "_timestamp": 1701594319.8145342, "_runtime": 76036.32643127441, "_step": 50984, "[TRAIN] loss/epoch": 0.27648420003638213, "[TRAIN] tloss/epoch": 2.0178119614540124, "[TRAIN] lr": 2.339407448884906e-06, "[TRAIN] epoch": 185, "Training predictions": {"_type": "image-file", "sha256": "3ae3de6cb994ea93245edd9f2bfb33e18320eef85b5cd90de4841e2a91c8f49d", "size": 9513, "path": "media/images/Training predictions_50566_3ae3de6cb994ea93245e.png", "format": "png", "width": 128, "height": 256, "caption": "PREDICTION | LABEL"}, "[VAL] loss/epoch": 0.4952578485571385, "[VAL] vloss/epoch": 2.929235953398075}