{"[TRAIN] loss/epoch": 0.30920674135209797, "[TRAIN] tloss/epoch": 1.9243549456409834, "[TRAIN] lr": 6.35385539166784e-07, "[TRAIN] epoch": 193, "_timestamp": 1701687387.2011096, "_runtime": 92826.45081973076, "_step": 120, "Training predictions": {"_type": "image-file", "sha256": "15a5b61d074f2f69c968bbb1bdc073c41444add1291a493fdf38dd361e2a9131", "size": 9901, "path": "media/images/Training predictions_120_15a5b61d074f2f69c968.png", "format": "png", "width": 128, "height": 256, "caption": "PREDICTION | LABEL"}, "[VAL] loss/epoch": 0.4990718621731234, "[VAL] vloss/epoch": 2.456950217596604}