{"[TRAIN] loss/iter": 0.27726134220404575, "[TRAIN] tloss/iter": 1.720433503641321, "_timestamp": 1701422070.1233532, "_runtime": 48103.02936434746, "_step": 29200, "[TRAIN] loss/epoch": 0.2976007985691807, "[TRAIN] tloss/epoch": 1.95060482961582, "[TRAIN] lr": 3.822008363593975e-07, "[TRAIN] epoch": 147, "Training predictions": {"_type": "image-file", "sha256": "080ecc495872d079f50efcf8401715d7babf742cd38d9cafb9e8c7afcf2883e8", "size": 8045, "path": "media/images/Training predictions_29102_080ecc495872d079f50e.png", "format": "png", "width": 128, "height": 256, "caption": "PREDICTION | LABEL"}, "[VAL] loss/epoch": 0.5519557511488716, "[VAL] vloss/epoch": 4.540144737400444}