{"[TRAIN] loss/iter": 0.48268044585033154, "[TRAIN] tloss/iter": 0.9991865738580802, "_timestamp": 1701299260.9665146, "_runtime": 9755.019773483276, "_step": 5661, "[TRAIN] loss/epoch": 0.47764748213627456, "[TRAIN] tloss/epoch": 1.0460191638366498, "[TRAIN] lr": 9.99400425614417e-05, "[TRAIN] epoch": 14, "Training predictions": {"_type": "image-file", "sha256": "9039719052f99d8456da6e05955d87a4eb5cf3553648d96cef11feaead8991db", "size": 7167, "path": "media/images/Training predictions_5187_9039719052f99d8456da.png", "format": "png", "width": 128, "height": 256, "caption": "PREDICTION | LABEL"}, "[VAL] loss/epoch": 0.42103970484895636, "[VAL] vloss/epoch": 1.666342717177719}