{"[TRAIN] loss/iter": 0.2776263812144891, "[TRAIN] tloss/iter": 2.8107897121789467, "_timestamp": 1701517944.6365376, "_runtime": 53107.09334349632, "_step": 35229, "[TRAIN] loss/epoch": 0.2639393942856955, "[TRAIN] tloss/epoch": 2.110001823673191, "[TRAIN] lr": 5.645849907407736e-06, "[TRAIN] epoch": 174, "Training predictions": {"_type": "image-file", "sha256": "a442833a0577a97d1ba06c3bb1a69f88905fbe7546865137f7842a96f52c56b5", "size": 9156, "path": "media/images/Training predictions_34821_a442833a0577a97d1ba0.png", "format": "png", "width": 128, "height": 256, "caption": "PREDICTION | LABEL"}, "[VAL] loss/epoch": 0.528837308136235, "[VAL] vloss/epoch": 3.600120340535245}