{"[TRAIN] loss/iter": 0.45005690046813784, "[TRAIN] tloss/iter": 2.5047130087657123, "_timestamp": 1701373919.170964, "_runtime": 1177.661838054657, "_step": 487}