{"[TRAIN] loss/iter": 0.4633216085258677, "[TRAIN] tloss/iter": 1.1337581056245374, "_timestamp": 1701121461.2046149, "_runtime": 94548.4636478424, "_step": 20521, "[TRAIN] loss/epoch": 0.4621313547415687, "[TRAIN] tloss/epoch": 1.0189629349742686, "[TRAIN] lr": [0.00047005603546758254], "[TRAIN] epoch": 9, "Training predictions": {"_type": "image-file", "sha256": "ae88b584b06dd50ce0768a537d276c7e7de62d0d85b83989acbc1ccb8dc73c8d", "size": 5229, "path": "media/images/Training predictions_20340_ae88b584b06dd50ce076.png", "format": "png", "width": 128, "height": 256, "caption": "PREDICTION | LABEL"}, "[VAL] loss/epoch": 0.4277062120988681, "[VAL] vloss/epoch": 1.8018135630979688}