{"[TRAIN] loss/iter": 0.48122082424982615, "[TRAIN] tloss/iter": 1.0788932057835614, "_timestamp": 1701097660.3907611, "_runtime": 70747.64979410172, "_step": 16846, "[TRAIN] loss/epoch": 0.4623820689265636, "[TRAIN] tloss/epoch": 1.0133305460986353, "[TRAIN] lr": [0.0004834247942761337], "[TRAIN] epoch": 7, "Training predictions": {"_type": "image-file", "sha256": "7b4e5be209082f9d44ad153bf3c195b8a1210a304d5cc397e52ee03cf34a2149", "size": 4866, "path": "media/images/Training predictions_15820_7b4e5be209082f9d44ad.png", "format": "png", "width": 128, "height": 256, "caption": "PREDICTION | LABEL"}, "[VAL] loss/epoch": 0.4277062120988681, "[VAL] vloss/epoch": 1.8018135630979688}