{"[TRAIN] loss/iter": 0.4759268003782023, "[TRAIN] tloss/iter": 1.3285019175512873, "_timestamp": 1701333859.2693863, "_runtime": 31662.954132318497, "_step": 22026, "[TRAIN] loss/epoch": 0.48141762181992886, "[TRAIN] tloss/epoch": 1.2921894866516364, "[TRAIN] lr": 9.264061846925828e-05, "[TRAIN] epoch": 52, "Training predictions": {"_type": "image-file", "sha256": "109d6feb5ea4bf8a81c4f9b04133f41b416effd4eca71fb3a47a12f7ca1d8231", "size": 7045, "path": "media/images/Training predictions_21620_109d6feb5ea4bf8a81c4.png", "format": "png", "width": 128, "height": 256, "caption": "PREDICTION | LABEL"}, "[VAL] loss/epoch": 0.45677414245823444, "[VAL] vloss/epoch": 2.4476896050423878}