{"[TRAIN] loss/iter": 0.5091261338349078, "[TRAIN] tloss/iter": 0.4349263045713999, "_timestamp": 1701248805.0474951, "_runtime": 38895.71012711525, "_step": 23888, "[TRAIN] loss/epoch": 0.46436584163734085, "[TRAIN] tloss/epoch": 1.0192575498081637, "[TRAIN] lr": 2.0250066908593982e-05, "[TRAIN] epoch": 50, "Training predictions": {"_type": "image-file", "sha256": "11b0ea31300c46fdf1936213876785fc7b18a1849779610f8f142d4a6fccea96", "size": 8732, "path": "media/images/Training predictions_23888_11b0ea31300c46fdf193.png", "format": "png", "width": 128, "height": 256, "caption": "PREDICTION | LABEL"}, "[VAL] loss/epoch": 0.41011934296044456, "[VAL] vloss/epoch": 1.4469071061507863}