{"[TRAIN] loss/iter": 0.4031474931829814, "[TRAIN] tloss/iter": 1.4424518738125744, "_timestamp": 1701464802.351595, "_runtime": 4035.587749004364, "_step": 2042, "[TRAIN] loss/epoch": 0.4284897018899351, "[TRAIN] tloss/epoch": 1.3415264147403805, "[TRAIN] lr": 9.980278991082579e-06, "[TRAIN] epoch": 153, "Training predictions": {"_type": "image-file", "sha256": "8495a80e34602939a5744708355c165f24e2ace0d58486a796d2421c6a5fea9b", "size": 12764, "path": "media/images/Training predictions_1976_8495a80e34602939a574.png", "format": "png", "width": 128, "height": 256, "caption": "PREDICTION | LABEL"}, "[VAL] loss/epoch": 0.38900626664134563, "[VAL] vloss/epoch": 1.3371376327114355}