{"[TRAIN] loss/iter": 0.4610047939285694, "[TRAIN] tloss/iter": 0.9192110926239084, "_timestamp": 1701258372.1391652, "_runtime": 9491.944864273071, "_step": 5589, "[TRAIN] loss/epoch": 0.4654622478298085, "[TRAIN] tloss/epoch": 0.9938094130163104, "[TRAIN] lr": 0.000181505313882429, "[TRAIN] epoch": 18, "Training predictions": {"_type": "image-file", "sha256": "a0b19981783e35c9daf34983b9e0525c0c5b6c1936e43685d4307afcedba2228", "size": 6561, "path": "media/images/Training predictions_5194_a0b19981783e35c9daf3.png", "format": "png", "width": 128, "height": 256, "caption": "PREDICTION | LABEL"}, "[VAL] loss/epoch": 0.40876872607322906, "[VAL] vloss/epoch": 1.4039179030144162}