{"[TRAIN] loss/epoch": 0.25387612880763477, "[TRAIN] tloss/epoch": 2.0792453598181617, "[TRAIN] lr": 2.6098721317951704e-06, "[TRAIN] epoch": 184, "_timestamp": 1701764262.9094117, "_runtime": 76062.09911775589, "_step": 99, "Training predictions": {"_type": "image-file", "sha256": "8e8e3d28ba38dc88365806bf8cc265ad7da99866e334c6986180bd535b6df7e3", "size": 8428, "path": "media/images/Training predictions_99_8e8e3d28ba38dc883658.png", "format": "png", "width": 128, "height": 256, "caption": "PREDICTION | LABEL"}, "[VAL] loss/epoch": 0.5682815163560504, "[VAL] vloss/epoch": 3.474416129867833}