{"[TRAIN] loss/iter": 0.44101285020284975, "[TRAIN] tloss/iter": 1.1776699616406638, "_timestamp": 1701182876.02907, "_runtime": 58491.6545188427, "_step": 12431, "[TRAIN] loss/epoch": 0.45082023183135134, "[TRAIN] tloss/epoch": 1.1255452024862453, "[TRAIN] lr": 1.832813122031527e-05, "[TRAIN] epoch": 15, "Training predictions": {"_type": "image-file", "sha256": "80340295c7b607d199bc7a7b1e2611e8d1f3cbb631b29177e19a9512240cda4f", "size": 7749, "path": "media/images/Training predictions_12407_80340295c7b607d199bc.png", "format": "png", "width": 128, "height": 256, "caption": "PREDICTION | LABEL"}, "[VAL] loss/epoch": 0.4264437769374933, "[VAL] vloss/epoch": 1.7308623886442294}