{"[TRAIN] loss/epoch": 0.45030072871571314, "[TRAIN] tloss/epoch": 1.1760280676914143, "[TRAIN] lr": 9.51660216906201e-06, "[TRAIN] epoch": 12, "_timestamp": 1701953897.2529018, "_runtime": 67380.83573484421, "_step": 35, "Training predictions": {"_type": "image-file", "sha256": "039590d8f07bf708e878051ac4520d83ed244e2a3113c07e18a95579a09eebff", "size": 9877, "path": "media/images/Training predictions_34_039590d8f07bf708e878.png", "format": "png", "width": 128, "height": 256, "caption": "PREDICTION | LABEL"}, "[VAL] loss/epoch": 0.39258433826991107, "[VAL] vloss/epoch": 1.1796481976778204}