{"[TRAIN] loss/iter": 0.3192172240200051, "[TRAIN] tloss/iter": 2.0975833180771106, "_timestamp": 1701372205.1783998, "_runtime": 15312.06899690628, "_step": 10504, "[TRAIN] loss/epoch": 0.3168304872240532, "[TRAIN] tloss/epoch": 2.0971545616960947, "[TRAIN] lr": 3.7781605459198134e-05, "[TRAIN] epoch": 81, "Training predictions": {"_type": "image-file", "sha256": "6ad3728044b6990839226f9188ba47b0c9e1d4aefebe29f939a5f44e3fd4d634", "size": 7909, "path": "media/images/Training predictions_10414_6ad3728044b699083922.png", "format": "png", "width": 128, "height": 256, "caption": "PREDICTION | LABEL"}, "[VAL] loss/epoch": 0.5336775484733622, "[VAL] vloss/epoch": 3.676649152908173}