{"[TRAIN] loss/epoch": 0.4665042977026277, "[TRAIN] tloss/epoch": 1.4019059949742418, "[TRAIN] lr": 1e-09, "[TRAIN] epoch": 1, "_timestamp": 1701883848.8785567, "_runtime": 300.2693786621094, "_step": 1, "Training predictions": {"_type": "image-file", "sha256": "3250854f7e1a4c822934b382e0f9c1e70c2024b78ac5d7d9b5abbdb591b7de1c", "size": 13937, "path": "media/images/Training predictions_1_3250854f7e1a4c822934.png", "format": "png", "width": 128, "height": 256, "caption": "PREDICTION | LABEL"}}