{"[TRAIN] loss/iter": 0.4204345023012962, "[TRAIN] tloss/iter": 1.5335321092920404, "_timestamp": 1701460734.3314376, "_runtime": 256.5678164958954, "_step": 43}