{"[TRAIN] loss/iter": 0.4587776848472543, "[TRAIN] tloss/iter": 1.372611209587162, "_timestamp": 1701460434.0097203, "_runtime": 141.760662317276, "_step": 18}