{"[TRAIN] loss/iter": 0.472785460312754, "[TRAIN] tloss/iter": 1.2220316510696008, "_timestamp": 1701288880.6256332, "_runtime": 30437.214177131653, "_step": 15751, "[TRAIN] loss/epoch": 0.46639880719436083, "[TRAIN] tloss/epoch": 0.9935555927707805, "[TRAIN] lr": 5.515110299466137e-05, "[TRAIN] epoch": 36, "Training predictions": {"_type": "image-file", "sha256": "3a87f7dcdb69463ef7688b57206f2405ffa98d1071ab3d306f88175651dde496", "size": 4998, "path": "media/images/Training predictions_15714_3a87f7dcdb69463ef768.png", "format": "png", "width": 128, "height": 256, "caption": "PREDICTION | LABEL"}, "[VAL] loss/epoch": 0.4048652256409239, "[VAL] vloss/epoch": 1.26171071501164}