{"[TRAIN] loss/iter": 0.25604412396059073, "[TRAIN] tloss/iter": 1.999550644828461, "_timestamp": 1701460048.8288796, "_runtime": 13978.864022493362, "_step": 8008, "[TRAIN] loss/epoch": 0.259858923661691, "[TRAIN] tloss/epoch": 2.1440325340762936, "[TRAIN] lr": 5.019116866838318e-06, "[TRAIN] epoch": 176, "Training predictions": {"_type": "image-file", "sha256": "c54734564e75e3f2ecc334eca1ae86ea01800d81f5e4f7563515087d2344358a", "size": 9117, "path": "media/images/Training predictions_7966_c54734564e75e3f2ecc3.png", "format": "png", "width": 128, "height": 256, "caption": "PREDICTION | LABEL"}, "[VAL] loss/epoch": 0.5039153854445785, "[VAL] vloss/epoch": 3.0715411457939767}