{"[TRAIN] loss/iter": 0.4842526458478166, "[TRAIN] tloss/iter": 1.0668917586659332, "_timestamp": 1701346732.2034147, "_runtime": 4602.810671567917, "_step": 3122, "[TRAIN] loss/epoch": 0.48120601629558624, "[TRAIN] tloss/epoch": 1.250334415359242, "[TRAIN] lr": 9.777120367510006e-08, "[TRAIN] epoch": 15, "Training predictions": {"_type": "image-file", "sha256": "608d3af7bb40cf9b539a2da026681301a20526a4e421ace754dc3c6a35c74cb9", "size": 13464, "path": "media/images/Training predictions_3033_608d3af7bb40cf9b539a.png", "format": "png", "width": 128, "height": 256, "caption": "PREDICTION | LABEL"}, "[VAL] loss/epoch": 0.4479982248972048, "[VAL] vloss/epoch": 2.2949339675562506}