{"[TRAIN] loss/epoch": 0.3408041285453103, "[TRAIN] tloss/epoch": 1.4570528263921638, "[TRAIN] lr": 9.401060809442607e-06, "[TRAIN] epoch": 18, "_timestamp": 1701881530.6066277, "_runtime": 106703.49922060966, "_step": 41, "Training predictions": {"_type": "image-file", "sha256": "a4bea3dc96d8e6b0283d6403bb80f591061b0cbe092ff983df0ac8784d8786ca", "size": 8782, "path": "media/images/Training predictions_40_a4bea3dc96d8e6b0283d.png", "format": "png", "width": 128, "height": 256, "caption": "PREDICTION | LABEL"}, "[VAL] loss/epoch": 0.4688697675402165, "[VAL] vloss/epoch": 1.9784140871962932}