{"[TRAIN] loss/iter": 0.48683201423702216, "[TRAIN] tloss/iter": 0.7321671043106825, "_timestamp": 1701194860.84893, "_runtime": 471.28157687187195, "_step": 111}